ec1	ec2	ec3	ec4	arg	lys	met	phe	fitness
0.25	0.25	0.25	0.25	1.5	1.5	1.5	1.5	0.848145
0.15	0.15	0.05	0.65	1.7	1.6	1.4	1.2	0
0.45	0.1	0.3	0.15	1.7	1.6	1.8	1.8	0.912122
0.20	0.1	0.45	0.25	1.9	1.3	1.7	1.1	0
0.05	0.55	0.1	0.3	1.8	1.7	1.8	1.2	0
0.35	0.4	0.05	0.20	1.7	1.3	1.7	1.1	0
0.20	0.45	0.05	0.3	1.1	2	1.5	1.3	0
0.15	0.7	0.1	0.05	1.1	1.5	1.6	1.8	0
0.05	0.3	0.25	0.4	1.9	2	1.9	1	0
0.05	0.55	0.15	0.25	1.2	1.1	1.1	2	0
0.25	0.5	0.15	0.1	1.9	1.5	1.6	1.1	0.838119
0.15	0.35	0.15	0.35	1.4	1.4	1.2	1.3	0
0.1	0.4	0.05	0.45	1.3	1	1.6	1.6	0
0.45	0.15	0.05	0.35	1.4	1.4	1	2	0.850734
0.15	0.15	0.1	0.6	1.9	1	1.6	1	0
0.15	0.1	0.05	0.7	1.7	1.5	2	1	0
0.65	0.1	0.15	0.1	1.1	2	1.7	1.2	0.926278
0.05	0.20	0.25	0.5	1	1.2	1	1.4	0
0.6	0.20	0.15	0.05	1.9	1.2	1.9	1.4	0.856822
0.3	0.20	0.25	0.25	1.3	1.2	1.8	1.3	0
0.20	0.35	0.15	0.3	2	1.4	1	1.6	0
0.55	0.15	0.05	0.25	1.7	1.1	1.1	1.4	0.899993
0.05	0.15	0.15	0.65	1.3	1.3	1.1	1.6	0
0.1	0.6	0.25	0.05	1.6	1	2	1.8	0
0.05	0.7	0.20	0.05	1.4	2	1.7	1.6	0
0.55	0.1	0.1	0.25	1.7	1.3	1.6	1.1	0.940441
0.15	0.1	0.35	0.4	1.8	1.2	1.7	1.6	0
0.35	0.05	0.55	0.05	1.6	1.7	1.3	1.5	0
0.15	0.4	0.25	0.20	1.5	1.4	1.5	1	0
0.25	0.05	0.3	0.4	1.1	1.8	1.8	1.2	0
0.35	0.20	0.15	0.3	1.9	1.6	1.4	1.3	0.917298
0.45	0.05	0.05	0.45	1.3	1.4	1.2	1.9	0.801805
0.20	0.3	0.25	0.25	1.5	1.6	1.2	1.2	0.820719
0.5	0.05	0.05	0.4	1.8	1.7	1.1	1.8	0.848347
0.1	0.45	0.15	0.3	1.4	1.8	1.6	1	0
0.45	0.05	0.1	0.4	1.4	1.1	1.4	2	0
0.15	0.5	0.05	0.3	1.2	1.5	1.9	1.1	0
0.45	0.1	0.05	0.4	1.4	1.6	1.5	2	0.899762
0.20	0.4	0.35	0.05	1.1	2	1.6	1.8	0.833207
0.45	0.05	0.05	0.45	1.2	1.6	1.6	2	0.804095
0.4	0.1	0.35	0.15	1.3	2	1.6	2	0
0.45	0.05	0.05	0.45	1.8	1.9	1.6	2	0.908721
0.20	0.15	0.05	0.6	1.8	2	2	1.7	0
0.45	0.1	0.05	0.4	1.9	1.8	1.6	1	0.959668
0.3	0.35	0.05	0.3	1.3	1	1.3	1.2	0
0.5	0.05	0.05	0.4	2	1.2	1.3	1.6	0.853456
0.05	0.20	0.65	0.1	1.8	1.4	2	1.1	0
0.45	0.1	0.05	0.4	1.2	1.9	1.1	1.2	0.887061
0.05	0.1	0.7	0.15	1.6	1.4	1.5	1.6	0
0.45	0.05	0.05	0.45	1.3	1.5	1.8	1	0
0.15	0.65	0.05	0.15	2	1.7	2	1.9	0
0.5	0.05	0.05	0.4	1.5	1.1	1.2	1.9	0
0.35	0.20	0.15	0.3	1.6	2	1.8	1.2	0.970733
0.45	0.05	0.1	0.4	2	2	1.2	1.4	0.833711
0.15	0.3	0.05	0.5	1.5	1.4	1.3	1	0
0.5	0.05	0.05	0.4	1.6	1.4	1.6	1.2	0.861491
0.20	0.15	0.4	0.25	1.8	1.8	1.8	1.9	0
0.45	0.05	0.05	0.45	1.4	1.3	1	1.4	0.826174
0.3	0.05	0.55	0.1	1	1.8	1.1	1.5	0
0.45	0.05	0.1	0.4	1.7	1.3	1.4	1.5	0.813199
0.15	0.20	0.55	0.1	1.5	1.7	1.1	1.3	0
0.45	0.1	0.05	0.4	1.9	2	1.5	1.9	0.913994
0.45	0.1	0.20	0.25	1.3	1.8	1.4	1.3	0
0.4	0.45	0.1	0.05	1.4	1.9	1.7	1	0
0.55	0.1	0.20	0.15	1.6	1.3	1.6	1.2	0.903584
0.55	0.1	0.3	0.05	1.2	1.5	1.7	1.7	0
0.55	0.1	0.3	0.05	1.5	1.5	1.5	1.3	0
0.5	0.05	0.20	0.25	1.7	1.4	1.5	1.3	0
0.6	0.1	0.25	0.05	1	1.5	1.2	1.1	0
0.1	0.45	0.35	0.1	1.1	1.8	1.9	1.6	0.803556
0.55	0.1	0.25	0.1	1.3	1.3	1.3	1.2	0
0.05	0.6	0.20	0.15	1.6	1	1	1	0
0.45	0.1	0.20	0.25	1.4	1.8	1.6	1.1	0
0.25	0.4	0.25	0.1	1.2	1.5	1.6	1.7	0.885972
0.8	0.1	0.05	0.05	1.6	1.2	1.5	1.2	0
0.05	0.45	0.45	0.05	2	1.5	2	1.8	0.755345
0.65	0.1	0.1	0.15	1.4	1.2	1.3	1.1	0.93349
0.55	0.25	0.15	0.05	1.7	1.1	1	1.8	0.859079
0.45	0.1	0.20	0.25	1.5	1.3	1.7	1.1	0
0.05	0.15	0.35	0.45	1.1	1.1	1.2	1.3	0
0.55	0.1	0.25	0.1	1.6	1.8	1.1	1.3	0.92917
0.15	0.65	0.1	0.1	1.7	1.1	1.1	1.3	0
0.65	0.1	0.20	0.05	1.6	1.6	1.1	1.1	0
0.15	0.05	0.15	0.65	1.4	2	1.7	1.4	0
0.45	0.1	0.3	0.15	1	1.6	1.1	1.3	0
0.1	0.35	0.15	0.4	1.9	1.4	1.9	1.9	0
0.5	0.1	0.25	0.15	1.6	1.3	1	1.3	0
0.15	0.55	0.1	0.20	1.7	1.6	1.1	1.3	0
0.5	0.15	0.25	0.1	1.6	1.7	1.6	1.1	0.961222
0.5	0.05	0.05	0.4	1.9	1.1	1	1.5	0
0.45	0.25	0.25	0.05	1.6	1.7	1.7	1.2	0
0.4	0.5	0.05	0.05	1.7	1.8	2	1.6	0
0.6	0.20	0.15	0.05	1.6	1.2	1.6	1.2	0.819649
0.3	0.25	0.15	0.3	1.6	1.4	1.3	1.1	0
0.3	0.3	0.05	0.35	1.9	1.9	1.8	1.7	0
0.35	0.25	0.1	0.3	1.2	1.2	1.5	1.3	0
0.25	0.15	0.3	0.3	1.8	1.7	1	1.8	0
0.35	0.25	0.1	0.3	1.7	1.4	1.3	1.2	0
0.45	0.1	0.4	0.05	1.6	1	2	1.5	0
0.4	0.25	0.1	0.25	1.6	1.2	1.5	1.2	0
0.4	0.3	0.05	0.25	1.2	2	1.1	1.4	0
0.4	0.25	0.15	0.20	1.5	1.3	1.3	1.3	0.879409
0.1	0.25	0.15	0.5	1.9	1.6	1.7	1	0
0.4	0.20	0.15	0.25	1.7	1.2	1.3	1.3	0
0.05	0.15	0.20	0.6	1.3	1.4	2	1.5	0
0.4	0.15	0.15	0.3	1.7	1.3	1.6	1.2	0.933234
0.25	0.4	0.1	0.25	1	1.7	1.4	1.3	0
0.7	0.1	0.05	0.15	2	1.7	1.2	1.1	0.876539
0.05	0.65	0.25	0.05	1.8	1.6	1.9	1.1	0
0.3	0.20	0.15	0.35	1.7	1.4	1.3	1.1	0
0.75	0.05	0.15	0.05	1.1	1.7	1.7	1	0
0.4	0.1	0.15	0.35	1.4	1.2	1.3	1.1	0
0.1	0.1	0.05	0.75	1.3	2	1.9	1.5	0
0.35	0.15	0.15	0.35	1.1	1.2	1.6	1.1	0
0.25	0.20	0.15	0.4	1.3	2	1.1	1	0
0.35	0.25	0.15	0.25	1.7	1.2	1.2	1.1	0
0.8	0.1	0.05	0.05	1.4	1	1.4	1.3	0
0.35	0.25	0.1	0.3	1.7	1.3	1	1.1	0.906565
0.05	0.65	0.15	0.15	1.3	1.8	1.2	1.7	0
0.4	0.15	0.15	0.3	1.6	1.8	1.6	1.8	0.919197
0.1	0.1	0.65	0.15	1.2	1	1.2	1.6	0
0.4	0.15	0.15	0.3	1.2	1.3	1.5	1.4	0.923219
0.20	0.25	0.20	0.35	1.4	1.5	2	1.3	0
0.4	0.25	0.1	0.25	1.7	1.3	1.5	1.7	0.883512
0.15	0.3	0.35	0.20	1.5	1.4	1.8	1.3	0
0.7	0.15	0.05	0.1	1.8	1.2	1.5	1.3	0.764965
0.15	0.25	0.5	0.1	1.9	1.5	1.5	1.9	0
0.4	0.15	0.05	0.4	1.6	1.4	1.4	1.3	0.928389
0.05	0.55	0.35	0.05	2	1.2	1.3	1.1	0
0.3	0.15	0.15	0.4	1.2	2	1.6	1.3	0
0.20	0.15	0.05	0.6	1	1	1	2	0
0.4	0.15	0.05	0.4	1.4	1.8	1.5	1.3	0.922105
0.05	0.35	0.1	0.5	1.2	1.9	1.9	1.6	0
0.35	0.15	0.15	0.35	1.3	1.7	1.3	1.2	0.952034
0.6	0.20	0.15	0.05	1.5	1.8	1.4	1.1	0.895336
0.35	0.4	0.05	0.20	1.5	1.7	1.2	1.4	0
0.4	0.1	0.05	0.45	1.1	1.4	1.8	1.1	0.941147
0.1	0.05	0.45	0.4	1.2	1.7	2	1.3	0
0.4	0.1	0.15	0.35	1.1	1.9	1.9	1.2	0.882325
0.55	0.05	0.1	0.3	1.7	1.9	1.2	1.1	0.854851
0.75	0.15	0.05	0.05	1.5	1.3	1.4	1.1	0
0.4	0.15	0.4	0.05	1.2	1.8	1.2	2	0
0.6	0.20	0.15	0.05	1	2	1.6	1.4	0.858761
0.3	0.45	0.20	0.05	1	1.4	1.9	1	0
0.6	0.20	0.15	0.05	1.5	1.6	1.4	1.3	0.887671
0.05	0.4	0.05	0.5	1.1	1.9	1.9	1.4	0
0.4	0.1	0.15	0.35	1.3	1.4	1.8	1.3	0
0.1	0.3	0.15	0.45	1.9	1.1	1.2	1.5	0
0.4	0.20	0.1	0.3	1	1.4	1.8	1.4	0
0.1	0.3	0.25	0.35	1.8	1.4	1.5	1.8	0
0.4	0.1	0.15	0.35	1.4	1.8	2	1.4	0
0.20	0.5	0.15	0.15	1	1.1	1.4	1.1	0
0.45	0.15	0.05	0.35	1.5	1.8	2	1.1	0.896392
0.35	0.25	0.15	0.25	1.2	1.7	2	1.8	0
0.45	0.15	0.15	0.25	1.6	1.3	1.6	1.6	0.908001
0.4	0.35	0.05	0.20	1.9	2	1.7	2	0.913488
0.7	0.15	0.1	0.05	1.3	2	1.5	1.5	0.948291
0.7	0.05	0.1	0.15	1.7	1.2	1.7	2	0
0.5	0.1	0.05	0.35	1	1.6	2	1.4	0
0.3	0.45	0.20	0.05	1.6	1.2	1.8	1.9	0
0.55	0.1	0.05	0.3	1.5	2	1.9	1.3	0.91954
0.45	0.1	0.4	0.05	1.5	2	1.5	1.7	0
0.45	0.20	0.1	0.25	1.7	1.7	1.4	1.2	0.948425
0.35	0.15	0.25	0.25	1.9	1.7	1.2	1.4	0.910189
0.45	0.20	0.15	0.20	1	2	1.5	1.1	0.933792
0.4	0.1	0.45	0.05	1.1	1.1	1.9	1.9	0
0.45	0.20	0.15	0.20	1.6	1.8	1.4	1.2	0.954753
0.15	0.15	0.1	0.6	1	2	1.9	1.7	0
0.45	0.20	0.15	0.20	1.4	1.8	1.5	1.2	0.95992
0.25	0.15	0.45	0.15	1.1	1	1.5	2	0
0.4	0.15	0.05	0.4	1.4	1.4	2	1.9	0.889739
0.20	0.20	0.45	0.15	1.4	1.9	1.5	1.1	0
0.4	0.1	0.15	0.35	1.3	2	1.8	2	0.913771
0.1	0.75	0.1	0.05	1.5	1.6	1.6	1.1	0
0.35	0.20	0.15	0.3	1.9	1.9	1.7	1.2	0.961126
0.20	0.20	0.20	0.4	1	1.5	1.8	2	0
0.55	0.1	0.05	0.3	1.5	1.9	1.7	1.2	0.966437
0.05	0.35	0.45	0.15	1.5	1.1	1.8	1.3	0
0.4	0.15	0.15	0.3	1.7	1.7	1.7	1.1	0.961851
0.15	0.15	0.3	0.4	1.3	1.1	1.6	1	0
0.65	0.05	0.15	0.15	1	1.9	2	1.4	0.837273
0.25	0.55	0.1	0.1	1.5	1.7	1.8	2	0.690981
0.5	0.1	0.15	0.25	1	1.6	1.4	1	0
0.35	0.1	0.5	0.05	1.6	1.1	1.3	1	0
0.4	0.15	0.15	0.3	1	1.5	1.6	1.2	0.914011
0.4	0.05	0.45	0.1	1.1	1	1.8	1.1	0
0.55	0.15	0.1	0.20	1.9	1.9	1.7	1.4	0.946919
0.1	0.1	0.55	0.25	1.1	1.8	1.9	1.6	0
0.65	0.15	0.05	0.15	1.4	1.9	1.7	1.1	0.81147
0.25	0.45	0.1	0.20	1.7	1.5	2	1	0
0.6	0.1	0.15	0.15	1	1.5	1.3	1.2	0
0.55	0.1	0.1	0.25	1.4	1	1.6	1.5	0
0.45	0.1	0.15	0.3	1.9	1.9	1.7	1.4	0.946919
0.25	0.35	0.35	0.05	1	1.3	1.2	1.7	0
0.35	0.20	0.1	0.35	1	1.6	1.3	1.2	0.85352
0.1	0.20	0.25	0.45	1.9	1.7	2	1.9	0
0.45	0.15	0.15	0.25	1	2	2	1.3	0
0.45	0.20	0.3	0.05	1.8	1.1	2	1.6	0.787362
0.7	0.1	0.15	0.05	1	2	1.7	1.1	0
0.1	0.15	0.25	0.5	1.8	1.5	1.3	1.4	0
0.4	0.1	0.15	0.35	1	2	1.9	1.2	0
0.55	0.15	0.15	0.15	1.9	1.6	2	1.4	0.938612
0.7	0.15	0.05	0.1	1	1.8	1.7	1.2	0.811557
0.25	0.5	0.1	0.15	1.5	1.3	1.2	1.4	0
0.45	0.15	0.15	0.25	1.8	1.8	1.7	1	0.966289
0.5	0.05	0.15	0.3	1.3	1.7	1.5	1.6	0
0.65	0.15	0.05	0.15	2	1.7	1.7	1.4	0.87386
0.3	0.3	0.05	0.35	1.9	1.5	1.1	1.3	0
0.35	0.20	0.15	0.3	1.6	1.9	1.8	1.2	0.965959
0.5	0.4	0.05	0.05	1.8	1.6	1.5	1.3	0
0.7	0.15	0.05	0.1	2	1.9	1.8	1.1	0.931284
0.1	0.15	0.35	0.4	1.5	1.1	1.7	1.7	0
0.65	0.05	0.1	0.20	1.8	1.9	2	1.7	0.787038
0.5	0.25	0.20	0.05	1.7	1.1	1	1.2	0.841525
0.55	0.15	0.05	0.25	1.7	1.7	1.7	1	0.902113
0.15	0.25	0.55	0.05	1.6	1.5	1.7	1.6	0
0.35	0.1	0.15	0.4	1.6	2	1.6	1	0.983199
0.3	0.20	0.45	0.05	1.2	1.1	1.3	1.3	0
0.35	0.1	0.15	0.4	1.6	1.9	1.9	1	0.972908
0.05	0.25	0.05	0.65	1.5	1.4	1.9	1.3	0
0.35	0.25	0.1	0.3	2	2	1.7	1.2	0.961968
0.3	0.15	0.25	0.3	1.7	1.9	1.2	1.9	0
0.35	0.3	0.05	0.3	2	1.8	1.7	1.2	0.9525
0.3	0.35	0.15	0.20	1.9	1	1.3	1.7	0.769222
0.35	0.3	0.15	0.20	1.8	1.7	1.8	1.1	0.870357
0.3	0.1	0.05	0.55	1.6	1.3	1.3	1.7	0.895985
0.35	0.25	0.05	0.35	2	1.5	1.4	1.2	0.932255
0.20	0.05	0.1	0.65	1.3	1.8	1.1	1.4	0
0.35	0.25	0.05	0.35	2	1.7	1.4	1.3	0.862491
0.35	0.25	0.15	0.25	1.6	1.9	1.7	1.3	0.931486
0.35	0.35	0.1	0.20	1.9	1.5	1.8	1.4	0.868745
0.05	0.5	0.3	0.15	1.6	1.5	1.7	1	0
0.55	0.20	0.1	0.15	1.5	1.7	1.4	1	0.965976
0.05	0.15	0.55	0.25	1.3	2	1.5	1.9	0
0.35	0.35	0.05	0.25	2	1.9	1.8	1.6	0
0.1	0.25	0.45	0.20	1.9	1.4	1.5	1.8	0
0.35	0.25	0.15	0.25	2	1.3	1.5	1.4	0.881898
0.3	0.20	0.15	0.35	1.2	1.9	1.2	1.3	0
0.35	0.3	0.05	0.3	1.9	1.5	1.9	1.9	0.860488
0.1	0.25	0.15	0.5	1.7	1.4	1.3	1.2	0
0.35	0.25	0.15	0.25	1.8	1.3	1.7	1.2	0.899777
0.15	0.20	0.6	0.05	1.8	1.8	1.9	1.8	0
0.35	0.3	0.05	0.3	1.7	2	1.9	1	0.853531
0.1	0.1	0.25	0.55	1.5	1.7	1.2	1.2	0
0.4	0.3	0.1	0.20	1.5	2	1.7	1.8	0.890081
0.1	0.3	0.3	0.3	1	1.3	1	2	0
0.45	0.20	0.15	0.20	1.4	2	1.7	1	0.984512
0.05	0.15	0.25	0.55	1.1	1.2	1.5	1.3	0
0.35	0.1	0.15	0.4	1.5	1.6	1.4	1	0
0.20	0.20	0.20	0.4	1.1	1.3	1.8	1.2	0
0.4	0.20	0.05	0.35	1.2	1.8	1.7	1.1	0
0.20	0.20	0.35	0.25	1.1	1.7	1.9	1.9	0
0.7	0.15	0.1	0.05	1.6	1.3	1.6	1.3	0.85508
0.25	0.25	0.25	0.25	1.3	1.1	1.1	1	0
0.45	0.3	0.1	0.15	1.5	1.6	1.9	1.1	0.954522
0.1	0.4	0.1	0.4	1.2	1.2	1.2	1.4	0
0.4	0.1	0.15	0.35	1.4	1.8	1.9	1.2	0.956046
0.3	0.5	0.15	0.05	1.4	1.6	1.7	1.5	0.837936
0.5	0.15	0.1	0.25	1.4	1.9	1.9	1	0.969739
0.35	0.15	0.05	0.45	1.7	1.3	2	1.7	0.901778
0.4	0.3	0.05	0.25	1.4	1.8	1.9	1.1	0
0.20	0.25	0.1	0.45	2	1.8	1.8	1.3	0
0.4	0.20	0.05	0.35	1.3	2	1.7	1.1	0
0.55	0.1	0.20	0.15	1.9	1.6	1.6	1.1	0.947668
0.7	0.15	0.1	0.05	1.8	2	1.6	1	0.973848
0.5	0.25	0.05	0.20	1.8	1.7	1.2	1.4	0.894115
0.7	0.15	0.1	0.05	1.7	1.9	1.6	1.7	0.910516
0.20	0.1	0.3	0.4	1.2	2	1.6	1	0
0.7	0.15	0.1	0.05	1.6	1.9	1.6	1.7	0.93003
0.35	0.20	0.4	0.05	2	1.7	1.9	1.6	0.912271
0.45	0.3	0.15	0.1	1.4	1.9	1.7	1.3	0
0.20	0.1	0.3	0.4	1.2	1.5	1.7	1.8	0
0.4	0.15	0.1	0.35	1.4	1.7	1.9	1.2	0.951261
0.15	0.25	0.5	0.1	1.3	1.4	1.3	1.2	0
0.4	0.1	0.15	0.35	1.4	1.7	1.9	1	0.960071
0.6	0.25	0.05	0.1	1	1.7	1.5	1.6	0
0.75	0.15	0.05	0.05	1.9	2	1.5	1.2	0.864057
0.15	0.35	0.20	0.3	1.2	1.7	1.1	1.3	0
0.55	0.1	0.05	0.3	1.5	2	1.7	1	0.942507
0.20	0.4	0.25	0.15	1.2	1.4	1.1	2	0
0.75	0.1	0.1	0.05	1.8	1.9	1.5	2	0.736843
0.3	0.4	0.05	0.25	1.7	1.1	1.9	1.9	0
0.75	0.15	0.05	0.05	1.6	2	1.5	1.3	0
0.15	0.6	0.05	0.20	1.4	1	1.4	1.2	0
0.5	0.15	0.1	0.25	1.5	1.8	1.6	1.6	0.933305
0.1	0.05	0.5	0.35	2	1.9	1.2	1.5	0
0.55	0.25	0.15	0.05	2	2	1.9	1.9	0.882504
0.45	0.35	0.15	0.05	1.8	1.5	1.2	1.2	0.916855
0.5	0.20	0.1	0.20	2	1.9	1.8	1.5	0.940616
0.35	0.4	0.15	0.1	2	1.2	1.5	1.3	0.898502
0.45	0.20	0.15	0.20	1.5	2	1.5	1.7	0.932703
0.1	0.4	0.25	0.25	1.1	1.1	1	1.8	0
0.45	0.20	0.1	0.25	1.5	1.7	1.6	1.7	0.922302
0.5	0.3	0.1	0.1	1.9	1.5	1.8	1.8	0.904368
0.85	0.05	0.05	0.05	1.6	1.9	1.8	1.2	0
0.20	0.05	0.4	0.35	1.9	1.5	1.9	1	0
0.7	0.15	0.1	0.05	1.4	1.7	1.6	1.3	0.9238
0.15	0.35	0.15	0.35	1.5	1.6	1.1	1.8	0
0.3	0.05	0.1	0.55	1.8	1.8	1.6	1.1	0
0.1	0.4	0.05	0.45	1.6	1.5	1.4	1.1	0
0.25	0.15	0.05	0.55	1.6	1.3	1.1	1.3	0
0.1	0.1	0.15	0.65	1.7	1	1.4	1.2	0
0.25	0.1	0.05	0.6	1.5	1.9	1.2	1.1	0
0.20	0.4	0.1	0.3	1.9	1.7	1	1.7	0
0.3	0.05	0.05	0.6	1.5	2	1.7	1.1	0
0.05	0.05	0.6	0.3	2	1.5	1.8	1.2	0
0.25	0.15	0.05	0.55	1.5	1.7	1.3	1.2	0
0.35	0.1	0.25	0.3	1.2	1	2	2	0
0.3	0.05	0.05	0.6	1.8	1.2	1.7	1.1	0
0.15	0.5	0.3	0.05	1.6	1	1.2	1.3	0
0.25	0.05	0.1	0.6	1.8	1.9	1.5	1.3	0
0.15	0.5	0.15	0.20	1.3	1.5	1.5	1	0
0.25	0.15	0.05	0.55	1.8	1.6	1.7	1.2	0.908297
0.1	0.35	0.4	0.15	1.5	1.2	2	1.1	0
0.5	0.1	0.1	0.3	1.4	1.9	1.6	1.2	0.966838
0.20	0.05	0.7	0.05	1.6	1.5	2	1.6	0
0.35	0.20	0.1	0.35	1.4	2	1.5	1.1	0
0.05	0.3	0.25	0.4	1.5	1	2	1.8	0
0.35	0.1	0.15	0.4	1.5	1.9	1.9	1	0.971338
0.1	0.25	0.25	0.4	1.1	1	1.8	1.8	0
0.35	0.1	0.15	0.4	1.5	2	1.6	1	0.984829
0.35	0.5	0.1	0.05	1.4	1	1.1	1.4	0
0.5	0.15	0.15	0.20	1.4	1.6	1.7	1	0.965014
0.05	0.55	0.15	0.25	1.3	1	1.2	1	0
0.4	0.1	0.05	0.45	1.6	1.5	1.9	1	0.953699
0.20	0.05	0.25	0.5	1.3	1.5	1.9	1	0
0.35	0.20	0.1	0.35	1.7	1.6	1.5	1	0.95697
0.05	0.1	0.5	0.35	1.9	1.1	1.6	1.3	0
0.4	0.1	0.15	0.35	1.8	1.6	1.7	1	0.956665
0.5	0.1	0.1	0.3	1.2	1.2	1.4	1.5	0
0.45	0.15	0.15	0.25	1.9	1.6	1.6	1	0.950032
0.15	0.5	0.3	0.05	1.8	2	1.4	2	0
0.35	0.20	0.1	0.35	1.5	2	1.9	1.8	0
0.4	0.35	0.15	0.1	1.9	1.3	1.5	1.6	0.871457
0.35	0.1	0.1	0.45	1.5	2	1.9	1.8	0.926951
0.20	0.25	0.5	0.05	2	1	1.6	1.8	0
0.65	0.15	0.15	0.05	1.6	1.5	1.7	1	0.929081
0.4	0.45	0.1	0.05	1.7	1.3	1.3	1.1	0
0.35	0.15	0.05	0.45	1.7	1.5	1.5	1	0.868399
0.15	0.05	0.65	0.15	1.6	1.2	2	1.3	0
0.6	0.15	0.05	0.20	1.5	1.5	1.7	1	0.929529
0.15	0.6	0.1	0.15	1	1.7	1.7	1.1	0
0.35	0.20	0.05	0.4	1.5	1.8	1.9	2	0.9058
0.35	0.20	0.15	0.3	1.3	1.1	1.1	1.5	0.859367
0.7	0.15	0.1	0.05	1.5	1.3	1.7	1	0
0.05	0.3	0.55	0.1	1.2	2	1.2	2	0
0.65	0.15	0.15	0.05	1.5	1.3	1.9	1	0
0.05	0.3	0.4	0.25	2	1.1	1.5	1.6	0
0.55	0.20	0.1	0.15	1.5	1.6	1.4	1	0.961053
0.45	0.1	0.15	0.3	1.5	1.8	1.5	1.4	0.913981
0.35	0.1	0.15	0.4	1.5	1.8	1.8	2	0.907977
0.3	0.4	0.05	0.25	1.9	1.7	1.8	2	0
0.35	0.20	0.1	0.35	1.5	1.3	1.9	1.1	0
0.1	0.1	0.05	0.75	1.5	1.4	1.6	1.9	0
0.5	0.20	0.15	0.15	1.8	1.7	1.2	1.2	0.938145
0.20	0.15	0.05	0.6	1.2	1.9	1.2	1.8	0
0.4	0.20	0.1	0.3	2	1.6	1.9	1.6	0.922123
0.4	0.15	0.25	0.20	1	1.1	1.9	1.1	0
0.5	0.20	0.1	0.20	1.6	1.5	1.4	1.6	0.913553
0.45	0.05	0.20	0.3	1.3	1.5	1.7	2	0
0.5	0.20	0.15	0.15	1.6	2	1.4	1.6	0.931121
0.5	0.20	0.25	0.05	1.5	1	1.7	2	0.84555
0.5	0.20	0.15	0.15	1.5	1.9	1	1.5	0.912739
0.05	0.15	0.05	0.75	1.4	1.5	1.5	1.2	0
0.5	0.1	0.1	0.3	2	1.5	1.4	1.6	0.907774
0.05	0.20	0.7	0.05	1.4	1.3	1.1	1.2	0
0.5	0.1	0.15	0.25	1.6	2	1.6	1.6	0
0.20	0.7	0.05	0.05	1.9	1.8	1.5	1.6	0
0.35	0.25	0.1	0.3	1.8	1.8	1.6	1.6	0.928457
0.4	0.4	0.05	0.15	1.4	1.1	1.7	1.7	0
0.6	0.1	0.15	0.15	1.8	1.5	2	1.6	0.918959
0.45	0.05	0.3	0.20	1.9	1.7	2	1.4	0
0.5	0.25	0.1	0.15	1.4	1.6	2	1.4	0.930656
0.05	0.05	0.15	0.75	1.1	1.8	1.1	1	0
0.5	0.20	0.15	0.15	1.5	1.5	1.2	1.6	0.911425
0.05	0.7	0.1	0.15	1.2	1.5	2	2	0.744882
0.65	0.1	0.1	0.15	1.4	1.8	2	1	0.899867
0.3	0.25	0.25	0.20	1.2	2	1.7	1.1	0.90883
0.5	0.20	0.15	0.15	1.5	1.6	1.3	1.8	0.905912
0.1	0.35	0.05	0.5	1.1	1.4	1	1.6	0
0.35	0.15	0.1	0.4	2	1.6	1.7	1.6	0.918112
0.1	0.6	0.25	0.05	1.9	1	1.1	1.9	0.82769
0.35	0.25	0.15	0.25	1.9	1.7	1.5	1.6	0.905682
0.25	0.3	0.35	0.1	1.5	1	1.3	1.8	0
0.45	0.25	0.1	0.20	1.4	1.8	1.4	1	0.920315
0.45	0.05	0.4	0.1	1.8	1.8	1.4	1.1	0
0.5	0.25	0.1	0.15	1.4	1.9	1.9	1.2	0
0.15	0.1	0.1	0.65	1.9	1.2	1.1	1.3	0
0.45	0.25	0.15	0.15	1.4	1.7	1.5	1	0.941184
0.75	0.05	0.15	0.05	1	1	1.2	1.4	0
0.5	0.25	0.1	0.15	1.4	1.7	1.4	1.4	0.939311
0.35	0.3	0.15	0.20	1.7	2	2	1.5	0.919163
0.35	0.20	0.15	0.3	1.5	1.6	1.3	1	0
0.1	0.45	0.05	0.4	1.4	1.8	1.1	1.2	0
0.35	0.15	0.15	0.35	1.4	1.4	1.8	2	0.893066
0.05	0.1	0.8	0.05	1.2	1.4	1.1	1.5	0
0.55	0.25	0.1	0.1	1.4	1.9	1.8	1.1	0.970131
0.15	0.25	0.20	0.4	1.7	1	1.5	1.6	0
0.35	0.1	0.1	0.45	1.4	1.6	1.7	1.8	0.911161
0.20	0.25	0.35	0.20	1.6	1.3	1.9	1.1	0
0.35	0.05	0.15	0.45	1.4	1.6	1.8	1.8	0
0.5	0.05	0.35	0.1	1.5	1.4	1.2	1.7	0
0.45	0.05	0.05	0.45	1.4	1.8	1.3	1.1	0.880384
0.05	0.45	0.25	0.25	1.6	1.7	1.8	1.7	0
0.45	0.05	0.1	0.4	1.4	2	1.2	1.4	0.904825
0.25	0.45	0.25	0.05	1.5	1.7	1.8	1.1	0.835231
0.4	0.25	0.3	0.05	1.7	1.1	1	1	0
0.20	0.45	0.3	0.05	1.1	1.7	1.2	1.7	0.807067
0.5	0.05	0.1	0.35	1.5	1.7	1.1	1.1	0.885932
0.5	0.3	0.15	0.05	1.5	1.2	1.4	1.3	0.881903
0.4	0.1	0.35	0.15	1.9	1.4	1	1.1	0
0.3	0.35	0.05	0.3	2	1.5	1	1.9	0
0.35	0.1	0.35	0.20	1.9	1.2	1	1.1	0
0.15	0.05	0.35	0.45	1	1.5	1.9	1.6	0
0.35	0.05	0.15	0.45	1.6	2	1.6	1.1	0
0.3	0.05	0.35	0.3	1.8	1.4	2	2	0
0.5	0.15	0.15	0.20	1.4	1.4	1.8	1.1	0
0.4	0.15	0.4	0.05	1.9	1.3	1.4	1.9	0
0.35	0.1	0.05	0.5	1.6	1.8	1.5	1.1	0.963999
0.3	0.35	0.3	0.05	1.8	1.5	1.9	1.2	0.839479
0.55	0.15	0.15	0.15	1.9	1.4	2	1	0.938736
0.6	0.05	0.15	0.20	1.3	1.8	1.4	1.3	0
0.35	0.15	0.1	0.4	1.8	1.9	1.9	1.6	0.939024
0.1	0.15	0.25	0.5	1.1	1.3	1.6	1.1	0
0.35	0.15	0.05	0.45	1.6	1.4	1.5	1.5	0.917102
0.05	0.75	0.1	0.1	1.8	2	1.1	1.5	0
0.35	0.20	0.15	0.3	1.6	1.5	1.5	2	0.879808
0.35	0.15	0.25	0.25	1.9	1.8	1.8	1.7	0
0.35	0.05	0.1	0.5	1.8	2	1.7	1.1	0
0.25	0.20	0.25	0.3	2	1.7	1.5	1.1	0
0.65	0.1	0.15	0.1	1.8	1.3	2	1.1	0.877627
0.45	0.25	0.1	0.20	1.2	1.3	1.1	1.9	0.880567
0.45	0.25	0.15	0.15	1.8	1.3	2	1.1	0.938103
0.25	0.4	0.25	0.1	1.7	1.1	1.3	1.9	0.867432
0.35	0.20	0.05	0.4	1.7	1.9	1.9	2	0.913254
0.20	0.55	0.1	0.15	1.4	1.2	2	1.6	0
0.35	0.25	0.1	0.3	1.6	1.9	1.9	1.7	0.905995
0.1	0.05	0.65	0.20	1.5	2	1.3	1.4	0
0.5	0.15	0.05	0.3	1.2	1.1	1.4	1.7	0
0.25	0.1	0.6	0.05	1.5	1.4	2	1.3	0
0.5	0.15	0.05	0.3	1.1	1	1.6	1.4	0.837751
0.1	0.45	0.1	0.35	1.2	1.7	1.1	1.5	0
0.35	0.3	0.05	0.3	1.6	1.5	1.5	1	0
0.20	0.05	0.15	0.6	1.4	1.9	1.5	1.4	0
0.35	0.1	0.05	0.5	1.6	1.8	1.4	1.1	0
0.05	0.25	0.55	0.15	1.1	1.3	1.5	1.8	0
0.55	0.15	0.15	0.15	1.9	1.3	1.6	1	0.935578
0.25	0.15	0.35	0.25	1.1	1	1.6	1.5	0
0.5	0.35	0.05	0.1	1.6	1.9	1.9	1	0
0.15	0.3	0.1	0.45	1	1	2	1.9	0
0.35	0.1	0.05	0.5	1.9	1.6	1.7	1.2	0.94688
0.05	0.45	0.35	0.15	2	1.7	1.8	1.7	0
0.35	0.1	0.05	0.5	1.8	2	2	1.2	0.937402
0.20	0.1	0.3	0.4	1.1	1.4	1.1	1	0
0.35	0.1	0.05	0.5	1.8	1.8	1.5	2	0.902336
0.15	0.25	0.20	0.4	1.4	1.4	1.3	1.5	0
0.35	0.1	0.05	0.5	2	1.9	1.4	1.8	0.887432
0.25	0.3	0.25	0.20	2	1.3	1.4	1.9	0
0.35	0.20	0.15	0.3	1.6	1.5	1.4	1.8	0.905116
0.20	0.55	0.05	0.20	2	1.2	1	1.1	0
0.3	0.15	0.25	0.3	1.9	1.6	1.3	1.8	0
0.15	0.45	0.35	0.05	1.4	1.4	1.3	1	0
0.25	0.15	0.3	0.3	1	1.6	1.7	1.6	0
0.3	0.25	0.3	0.15	1.7	1.1	1.7	1.3	0
0.25	0.1	0.25	0.4	1.4	1.6	1.6	1.6	0
0.45	0.20	0.15	0.20	1.3	1.6	1.3	1.9	0.903557
0.3	0.1	0.20	0.4	1.8	1.6	1.5	2	0
0.20	0.15	0.15	0.5	1.9	1.2	1.5	1.4	0
0.3	0.05	0.25	0.4	2	1.6	1.6	1.5	0
0.55	0.3	0.1	0.05	1.6	1.1	1.2	2	0.788708
0.3	0.05	0.20	0.45	1.7	1.6	1.3	1.8	0
0.45	0.3	0.20	0.05	1.6	1.2	1.5	1.4	0.856025
0.25	0.05	0.4	0.3	1.6	1.6	1.3	1.7	0
0.1	0.1	0.6	0.20	1.5	2	1.9	1.8	0
0.35	0.1	0.15	0.4	1.6	1.4	1.9	1	0.948896
0.45	0.05	0.05	0.45	1.5	1.5	1.5	1	0
0.35	0.1	0.15	0.4	1.4	1.4	2	1.1	0
0.1	0.65	0.20	0.05	1	1.3	2	1.8	0
0.6	0.05	0.15	0.20	1.5	1.7	1.7	1.2	0.785634
0.55	0.20	0.15	0.1	1.8	2	1.3	1.3	0.941863
0.35	0.20	0.1	0.35	1.2	1.5	1.6	1.5	0.924202
0.35	0.1	0.15	0.4	1.2	1.9	1.1	1.2	0
0.45	0.20	0.1	0.25	1.2	1.5	1.6	1.2	0.944365
0.65	0.05	0.15	0.15	2	1.6	1.4	1.6	0.912483
0.4	0.20	0.15	0.25	1.1	1.7	1.5	1.2	0.919797
0.5	0.3	0.1	0.1	2	1.5	2	1.7	0.913182
0.45	0.15	0.05	0.35	1.1	1.3	1.2	1.8	0.869097
0.65	0.1	0.05	0.20	1.8	1.4	1.2	1.1	0.872662
0.6	0.20	0.15	0.05	1	1.8	1.6	1.4	0.888442
0.1	0.1	0.1	0.7	1.3	1.5	1.8	1.4	0
0.35	0.1	0.05	0.5	1.5	1.8	1.5	1.1	0.935366
0.05	0.25	0.1	0.6	1.2	1.2	1	1.7	0
0.6	0.05	0.05	0.3	1.5	2	1.8	1.5	0.897257
0.05	0.3	0.55	0.1	1.9	1.6	1.9	1.5	0
0.35	0.15	0.05	0.45	1.1	1.8	1	1.4	0
0.25	0.5	0.20	0.05	1.6	1	1.2	1.1	0
0.4	0.15	0.05	0.4	1	1.5	1.3	1.3	0
0.1	0.4	0.35	0.15	1	1.5	2	1.4	0
0.6	0.05	0.1	0.25	1.4	2	1.8	1.2	0
0.15	0.20	0.20	0.45	1.9	1.6	1.9	1.4	0
